headline,description,timestamp,article_link,article_content,writer,date_published
Lady Gaga says she was unaware of thwarted bomb threat until learning about it from media,"Unidentified people were â€œvirtually recruiting participants to carry out attacksâ€ to gain online notoriety, according to the Rio de Janeiro Civil Police.",N/A,https://www.nbcnews.com/pop-culture/pop-culture-news/planned-bombing-lady-gaga-rio-de-janiero-rcna204698,"A planned bombing at a Lady Gaga concert in Brazil on Saturday night was foiled and a suspect is in custody, Brazilian authorities said. Unidentified people were â€œvirtually recruiting participants to carry out attacksâ€ using improvised explosive devices, the Rio de Janeiro Civil Police said. The perpetrators planned to gain notoriety on social networks through the bombing, authorities said. The person accused of being responsible for the plan is in custody, and a teenager has been detained in connection with the matter, police said. Brazil's Ministry of Justice and Public Security alleged in a statement that the plot was organized by a larger extremist network that operates online to radicalize adolescents and provoke hate crimes. It's unclear when authorities found out about the threat. The civil police intelligence unit was first alerted to the scheme, and search and seizure warrants were obtained for multiple areas in Brazil, police said. A spokesperson for Lady Gaga said her team learned about the alleged threat through media reports Sunday morning. â€œPrior to and during the show, there were no known safety concerns, nor any communication from the police or authorities to Lady Gaga regarding any potential risks,â€ the spokesperson said. â€œHer team worked closely with law enforcement throughout the planning and execution of the concert and all parties were confident in the safety measures in place.â€ Lady Gaga singer posted about the show on her Instagram account Sunday, praising the crowd for their vibrancy throughout it. ""I wish I could share this feeling with the whole worldâ€”I know I canâ€™t, but I can say thisâ€”if you lose your way, you can find your way back if you believe in yourself and work hard,"" Gaga wrote. She did not address the alleged bombing threat. Lady Gaga played at the famed Copacabana venue as part of her new â€œMayhemâ€ tour. She announced the show in February on Instagram, saying she was excited to return after having had to cancel her last show in Brazil because of a hip injury during her â€œBorn This Way Ballâ€ tour. She added that she was â€œdying to come performâ€ for her Brazilian â€œlittle monsters,â€ which is the nickname for Lady Gaga fans. The free concert Saturday was attended by 2.5 million people, according to concert organizers. It is the largest attendance for a female artist, the organizers said, beating Madonna's draw of 1.6 million people at the Copacabana Beach last year. It falls shy of the Guinness World Record for the largest free concert, which was also at the beach venue. Rod Stewart's performance at the Copacabana in 1994 for New Year's Eve brought in an estimated 3.5 million revelers. Rioâ€™s security plan included 3,300 military and 1,500 police officers and 400 military firefighters. The show was supported by the local government in hope of boosting economic activity between big events in Rio, such as Carnival and next month's Saint Johnâ€™s Day celebrations. More than 500,000 tourists flocked to the city to see Lady Gaga, Rioâ€™s City Hall said in a statement on Friday. Taylor Swift was forced to cancel her shows in Vienna because of a security threat less than a year ago. Austrian authorities said they were alerted to plans to bomb Swift's Eras Tour performances in the city in a terrorism-related attack. Swift opted to cancel the concerts and waited until the end of her European leg of the tour. â€œHaving our Vienna shows cancelled was devastating,â€ Swift said weeks later. â€œThe reason for the cancellations filled me with a new sense of fear, and a tremendous amount of guilt because so many people had planned on coming to those shows.â€ Swift had expressed anxiety about keeping people safe during her live performances, citing the 2017 bombing at Ariana Grande's concert in Manchester, England, and the 2017 music festival shooting in Las Vegas. Doha Madani is a senior breaking news reporter for NBC News. Pronouns: she/her. Tangni Noriega is an assignment editor for NBC News.",Doha Madani,"May 4, 2025, 5:44 PM GMT+2 / Updated May 4, 2025, 8:37 PM GMT+2"
"Ruth Buzzi, comedy sketch player on groundbreaking series 'Laugh-In,' dies at 88",Buzzi rose to fame as the frumpy and bitter Gladys Ormphby on the groundbreaking sketch comedy series â€œRowan & Martinâ€™s Laugh-In.â€,N/A,https://www.nbcnews.com/pop-culture/pop-culture-news/ruth-buzzi-comedy-sketch-player-groundbreaking-series-laugh-dies-88-rcna204459,"LOS ANGELES â€” Ruth Buzzi, who rose to fame as the frumpy and bitter Gladys Ormphby on the groundbreaking sketch comedy series â€œRowan & Martinâ€™s Laugh-Inâ€ and made over 200 television appearances during a 45-year career, has died at age 88. Buzzi died Thursday at her home in Texas, says her agent Mike Eisenstadt. She had been diagnosed with Alzheimerâ€™s and was in hospice care. Shortly before her death, her husband, Kent Perkins, had posted a statement on Buzziâ€™s Facebook page, thanking her many fans and telling them: â€œShe wants you to know she probably had more fun doing those shows than you had watching them.â€ Buzzi won a Golden Globe and was a two-time Emmy nominee for the NBC show that ran from 1968 to 1973. She was the only regular to appear in all six seasons, including the pilot. She was first spotted by â€œLaugh-Inâ€ creator and producer George Schlatter playing various characters on â€œThe Steve Allen Comedy Hour.â€ Schlatter was holding auditions for â€œLaugh-Inâ€ when he received a picture in the mail of Buzzi in her Ormphby costume, sitting in a wire mesh trash barrel. The character was clad in drab brown with her bun covered by a hairnet knotted in the middle of her forehead. â€œI think I hired her because of my passion for Gladys Ormphby,â€ he wrote in his 2023 memoir â€œStill Laughing A Life in Comedy.â€ â€œI must admit that the hairnet and the rolled-down stockings did light my fire. My favorite Gladys line was when she announced that the day of the office Christmas party, they sent her home early.â€ The Gladys character used her purse as a weapon against anyone who bothered her, striking people over the head. On â€œLaugh-In,â€ her most frequent target was Arte Johnsonâ€™s dirty old man character Tyrone F. Horneigh. â€œGladys embodies the overlooked, the downtrodden, the taken for granted, the struggler,â€ Buzzi told The Connecticut Post in 2018. â€œSo when she fights back, she speaks for everyone whoâ€™s been marginalized, reduced to a sex object or otherwise abused. And thatâ€™s almost everyone at some time or other.â€ Buzzi took her act to the Dean Martin Celebrity Roasts in Las Vegas, where she bashed her purse on the heads of Frank Sinatra, Dean Martin and Lucille Ball, among others. Her other recurring characters on â€œLaugh-Inâ€ included Flicker Farkle; Busy-Buzzi, a Hollywood gossip columnist; Doris Swizzler, a cocktail-lounge regular who got drunk with husband Leonard, played by Dick Martin; and an inconsiderate flight attendant. â€œI never took my work for granted, nor assumed I deserved more of the credit or spotlight or more pay than anyone else,â€ Buzzi told The Connecticut Post. â€œI was just thrilled to drive down the hill to NBC every day as an employed actor with a job to do.â€ Buzzi remained friends through the years with â€œLaugh-Inâ€ co-stars Lily Tomlin and Jo Anne Worley. Born Ruth Ann Buzzi on July 24, 1936, in Westerly, Rhode Island, she was the daughter of Angelo Buzzi, a nationally known stone sculptor. Her father and later her brother operated Buzzi Memorials, a gravestone and monument maker in Stonington, Connecticut, where she was head cheerleader in high school. Buzzi enrolled at the Pasadena Playhouse at age 17. Two years later, she traveled with singer Rudy Vallee in a musical and comedy act during her summer break. That earned her an Actorsâ€™ Equity union card before she graduated from the playhouseâ€™s College of Theatre Arts. Buzzi moved to New York and was immediately hired for a lead role in an off-Broadway musical revue, the first of 19 such shows she performed in on the East Coast. She got her national television break on â€œThe Garry Moore Showâ€ in 1964, just after Carol Burnett was replaced by Dorothy Loudon on the series. She played Shakundala the Silent, a bumbling magicianâ€™s assistant to Dom DeLuiseâ€™s character Dominic the Great. Buzzi was a regular on the CBS variety show â€œThe Entertainersâ€ whose hosts included Burnett and Bob Newhart. She was in the original Broadway cast of â€œSweet Charityâ€ with Gwen Verdon in 1966. Buzzi toured the country with her nightclub act, including appearances in Las Vegas. She was a semi-regular on â€œThat Girlâ€ as Marlo Thomasâ€™ friend. She co-starred with Jim Nabors as time-traveling androids on â€œThe Lost Saucerâ€ in the mid-1970s. Her other guest appearances included variety shows hosted by Burnett, Flip Wilson, Glen Campbell, Tony Orlando, Donny and Marie Osmond and Leslie Uggams. She appeared in Ballâ€™s last comedy series â€œLife With Lucy.â€ Buzzi guested in music videos with â€œWeird Alâ€ Yankovic, the B-52â€™s and the Presidents of the United States of America. She did hundreds of guest voices in cartoon series including â€œPound Puppies,â€ â€œBerenstain Bears,â€ â€œThe Smurfsâ€ and â€œThe Angry Beavers.â€ She was Emmy nominated for her six-year run as shopkeeper Ruthie on â€œSesame Street.â€ Her movie credits included â€œFreaky Friday,â€ â€œChu Chu and the Philly Flash,â€ â€œThe North Avenue Irregularsâ€ and â€œThe Apple Dumpling Gang Rides Again.â€ Buzzi was active on social media and had thousands of followers whom she rewarded with such one-liners as â€œI have never faked a sarcasmâ€ and â€œScientists say the universe is made up entirely of neurons, protons and electrons. They seem to have missed morons.â€ She married actor Kent Perkins in 1978. The couple moved from California to Texas in 2003 and bought a 640-acre ranch near Stephenville. Buzzi retired from acting in 2021 and suffered a series of strokes the following year. Her husband told The Dallas Morning News in 2023 that she had dementia.",The Associated Press,"May 2, 2025, 5:43 PM GMT+2 / Updated May 2, 2025, 6:01 PM GMT+2 / Source: The Associated Press"
Blake Lively said past year filled with 'lowest lows' of her life amid legal battle with Justin Baldoni,"The â€œAnother Simple Favorâ€ star talked about her ""intense"" year during a recent Seth Meyers appearance.",N/A,https://www.nbcnews.com/pop-culture/pop-culture-news/blake-lively-said-year-filled-lowest-lows-life-legal-battle-justin-bal-rcna204438,"Blake Lively is speaking out about what sheâ€™s going through. The â€œAnother Simple Favorâ€ star made an appearance on the May 1 episode of â€œLate Night With Seth Meyersâ€ and spoke about the highs and lows sheâ€™d experienced. Host Seth Meyers first mentioned to Lively that he was â€œnot totally informedâ€ about the details of what she said was an â€œintenseâ€ year. â€œIâ€™m thrilled youâ€™re not doing â€˜Weekend Updateâ€™ right now, because youâ€™d be totally informed,â€ Lively joked. Meyers followed with a prompt to see what Lively was willing to share. â€œBut were I to ask you about it Iâ€™d imagine youâ€™re in a situation where you canâ€™t say much,â€ he said. Lively characterized using her â€œvoiceâ€ as a fight to â€œmake the world safer for women in girls.â€ â€œWhat I can say without going too into it is that this year has been full of the highest highs and the lowest lows of my life. I see so many women around afraid to speak, afraid to share their experiences. Fear is by design. Itâ€™s what keeps us silent,"" she said. ""I acknowledge that many people donâ€™t have the opportunity to speak,"" Lively continued. ""I feel fortunate that I have been able to. Itâ€™s the women who have had the ability to use their voice that have kept me strong and have helped me in my fight to make the world safer for women and girls. Itâ€™s a pretty simple thing,â€ she said. Following her comments, Lively received a round of applause from the audience. It should be noted that Lively or Meyers made no specific mention of her legal case involving Justin Baldoni and their film â€œIt Ends With Us.â€ Back in January, a New York judge announced that both Lively and Baldoniâ€™s lawsuits against each other would be addressed in a trial set for March 9, 2026. Lively starred and produced â€œIt Ends With Us,â€ while Baldoni directed and co-starred. The film premiered in August 2024, yet before its release, people began speculating that there was tension between the cast. By December 2024, Lively filed a sexual harassment complaint against Baldoni, with her attorneys stating that, in multiple incidents, Baldoni harassed Lively on set and crossed boundaries during intimate scenes, according to an administrative complaint filed Dec. 20, 2024 and obtained by TODAY.com. Attorneys for Baldoni denied the accusations at the time. On Dec. 31, Baldoni sued the New York Times for libel, seeking $250 million in damages, over the newspaperâ€™s coverage of Livelyâ€™s accusations of sexual harassment and being the target of a smear campaign. Also on Dec. 31, Lively filed a lawsuit against Baldoni, his production company Wayfarer Studios, producer Jamey Heath, Baldoniâ€™s publicist Jennifer Abel, crisis publicist Melissa Nathan and others connected to Baldoni and â€œIt Ends With Us,â€ in which her legal team argued she had been a victim of sexual harassment and a smear campaign, according to court documents obtained by NBC News. In response, in January 2025, Baldoni sued Lively, accusing her, her husband Ryan Reynolds, publicist Leslie Sloane and Sloaneâ€™s PR firm of defamation and other contractual claims. In a statement to NBC News in Jan. 16, 2025, Livelyâ€™s legal team said the lawsuit was â€œanother chapter in the abuser playbook,â€ denying the allegations. Baldoni and his team would go on to create a website about the lawsuit against Lively, filled with their complaint and alleged emails and texts from those involved in the creation of â€œIt Ends With Us.â€ Livelyâ€™s By February, the judge overseeing their trial didnâ€™t restrict what their attorneys could say publicly but he did issue a warning about public comments, according to NBC News. Later that month, Lively amended her original complaint, alleging that other women had complained about Baldoniâ€™s misconduct, as well as added a new claim for defamation. Attorneys for Baldoni did not immediately respond to a request for comment from NBC News about Livelyâ€™s amended complaint at the time.","Liz Calvario, TODAY","May 2, 2025, 5:02 PM GMT+2 / Source: TODAY"
"Singer Jill Sobule, known for 'I Kissed a Girl,' dies in house fire",Sobule was 66. The 1995 song was the first openly queer-themed record to reach Billboardâ€™s Top 20.,N/A,https://www.nbcnews.com/pop-culture/music/jill-sobule-kissed-girl-dies-fire-rcna204334,"Singer Jill Sobule, known for the 1995 song â€œI Kissed a Girl,â€ died in a Minnesota house fire Thursday morning, her representatives said. She was 66. The fire occurred in Woodbury, a city around 16 miles east of Minneapolis, they said. Officials there said firefighters discovered a dead woman after a house fire that was reported around 5:30 a.m. Thursday. â€œJill Sobule was a force of nature and human rights advocate whose music is woven into our culture,â€ manager John Porter said in a statement. ""I Kissed a Girlâ€ reached No. 20 on Billboardâ€™s modern rock chart, the first openly queer-themed record to do so. Sobuleâ€™s song â€œSupermodelâ€ from the â€œCluelessâ€ soundtrack was also a pop success. Sobule most recently created a coming-of-age musical, ""F--- 7th Grade,"" an off-Broadway show that debuted in 2022. It was a Drama Desk nominee for ""outstanding musical"" the next year and was named a New York Times Critic Pick. Sobule had been scheduled to perform Friday in Denver at Swallow Hill, where an informal gathering will now be held to remember her, instead, her reps said. In 2008, Katy Perry released â€œI Kissed a Girl,â€ which was not a cover of Sobule's song. After Sobule made comments that she said were deliberately over the top and ironic, she was targeted by Perry fans who took the comments seriously. â€œI may be a touch cynical about the business, but I have never really been angry or had ill feelings towards Katy herself,â€ Sobule wrote on what was then known as The Huffington Post. â€œI was actually in a small way happy to not be the â€˜Kissed a Girlâ€™ girl anymore.â€ She said she hoped Perry fans were â€œokay with the title of my brand new song, â€˜I Kissed a Girl ...First,â€™â€ she wrote, adding â€œWink.â€ Sobule is survived by her brother and sister-in-law, James and Mary Ellen Sobule, and her nephews, Ian Matthew and Robert, and Robertâ€™s wife, Irina, her reps said. Phil Helsel is a reporter for NBC News.",Phil Helsel,"May 2, 2025, 3:29 AM GMT+2 / Updated May 2, 2025, 2:18 PM GMT+2"
Video shows Justin Timberlake becoming Travis Kelce's 'backup dancer' on the golf course,"Timberlake posted a clip of the impromptu performance, with comedian Andrew Santino also joining in.",N/A,https://www.nbcnews.com/pop-culture/pop-culture-news/video-shows-justin-timberlake-becoming-travis-kelces-backup-dancer-gol-rcna204103,"Boy band veteran Justin Timberlake brought his choreography skills to the golf course with Kansas City Chiefs tight end Travis Kelce and comedian Andrew Santino in a video posted to Instagram on Wednesday. But Kelce was the one to take center stage on the Las Vegas green, with Timberlake and Santino as his impromptu backup dancers. Timberlake shared a video of the lighthearted moment on his Instagram with the caption, ""We are just @killatrav's backup dancers now."" Timberlake kicks it off in the video by saying, ""Real easy vibe today,"" swaying back and forth as he moves into formation to let Kelce take the lead. Kelce starts lip-synching to the 1984 hit ""Curious"" by Midnight Star, using his golf club as a microphone. Timberlake and Santino join in behind, stepping from left to right, following the tune's beat and Kelce up front. Kelce then breaks off into a spin and breaks out into laughter with Timberlake. ""The vibes were unmatched!!"" Kelce commented on the post. Santino also commented on his moves, saying, ""The tequila had me leaning ğŸ˜‚."" Kelce shared the video on his Instagram story, writing ""Vibin' out with the homies"" and tagging Santino, Timberlake and the singer's golf brand, 8AM Golf. Travis Kelce and his brother, former Philadelphia Eagles center Jason Kelce, attended the 8AM Invitational at Wynn Las Vegas, hosted by Timberlake from April 24-27. Timberlake personally selects the celebrity lineup for the weekend of ""golf, entertainment and philanthropy,"" according to its website. Viola Flowers is a news associate for NBC News.",Viola Flowers,"May 1, 2025, 6:01 PM GMT+2"
George Lucas finally explains why Yoda speaks backward in â€˜Star Warsâ€™ films,His style of speech is intentional.,N/A,https://www.nbcnews.com/pop-culture/pop-culture-news/george-lucas-explains-why-yoda-speaks-backwards-star-wars-films-rcna203784,"Know now do we why speaks that way does Yoda. â€œStar Warsâ€ creator George Lucas is peeling back the curtain on why Yoda speaks backwards in the film franchise. â€œYoda had a very distinctive way of talking, and it was done purposely because if you were speaking regular English, people donâ€™t listen that much, but if he has an accent, or itâ€™s really hard to understand what heâ€™s saying, they focus on what heâ€™s saying,â€ he told Turner Classic Movies host Ben Mankiewicz last week during a screening of â€œThe Empire Strikes Backâ€ at the TCM Classic Film Festival. â€œHe was basically the philosopher of the movie, so he was talking about all of the things in long talking scenes and stuff where I had to figure out a way to get people to actually listen, especially 12-year-olds.â€ Yoda is known for his wisdom, with such lines as â€œTry not. Do or do not. There is no try,â€ â€œThe greatest teacher, failure isâ€ and â€œMuch to learn, you still have.â€ Yodaâ€™s first appearance in the â€œStar Warsâ€ franchise came in 1980 in â€œThe Empire Strikes Back.â€ The character was voiced by Frank Oz, who also provided it for â€œReturn of the Jedi,â€ the prequel trilogy and â€œThe Last Jedi.â€ He and other actors have also voiced Yoda in various related â€œStar Warsâ€ projects over the years. Oz said he came up with Yodaâ€™s unusual speaking style before getting Lucasâ€™ blessing to do it. â€œI was just looking at the original script of â€˜The Empire Strikes Backâ€™ the other day and there was a bit of that odd syntax in it, but also it had Yoda speaking very colloquially,â€ he told The Guardian in 2021. â€œSo I said to George (Lucas): â€˜Can I do the whole thing like this?â€™ And he said: â€˜Sure!â€™ It just felt so right.â€ Oz also said he doesnâ€™t get tired of people doing impressions of Yoda, either. â€œNo Iâ€™m used to it. But people donâ€™t understand, anyone can do a voice. Itâ€™s not the voice â€” itâ€™s the soul,â€ he said. A new â€œStar Warsâ€ film is due out in 2027. Earlier this month, the movieâ€™s director, Shawn Levy, revealed that Ryan Gosling will star in it.","Drew Weisholtz, TODAY","April 30, 2025, 6:17 PM GMT+2 / Updated May 1, 2025, 3:56 AM GMT+2 / Source: TODAY"
Barbra Streisand is releasing a new album of duets. Hereâ€™s the list of stars who will appear.,Some top-notch talent appears on the album of duets â€” as well as a trio fans probably wonâ€™t soon forget.,N/A,https://www.nbcnews.com/pop-culture/pop-culture-news/barbra-streisand-releasing-new-album-duets-stars-rcna203783,"Barbra Streisand is set to release a new album that will feature some legendary stars. Announced on ""TODAY"" April 30, Streisandâ€™s forthcoming album, titled â€œThe Secret Of Life: Partners, Volume Two,â€ will release on June 27 and feature the 10-time Grammy Award winner performing duets with a star-studded collection of artists, including Paul McCartney, Bob Dylan, James Taylor, Sting, Hozier, Sam Smith, Seal, Josh Groban and Tim McGraw. In addition, thereâ€™s one track in which Streisand sings with Mariah Carey and Ariana Grande. This album marks the sequel to Streisandâ€™s 2014 platinum effort, â€œPartners.â€ The first single from her upcoming album is â€œThe First Time Ever I Saw Your Faceâ€ with Hozier, and is available globally now on all digital and streaming platforms. There is also a lyric video for the song. Streisand said sheâ€™s excited about this new project. â€œIâ€™ve always loved singing duets with gifted artists. They inspire me in unique and different waysâ€¦and make our time in the studio a joy!â€ she said in a statement. â€œMy new album, â€˜The Secret Of Life: Partners, Volume Two,â€™ gave me the chance to work and play with some of my old friends, label mates, and new artists too,â€ the statement continued. â€œI admire all of them â€¦ and I hope that youâ€™ll enjoy listening to our collaborations as much as I enjoyed recording with all of my wonderful partners.â€ â€œThe Secret Of Life: Partners, Volume Twoâ€ adds to Streisandâ€™s legacy when it comes to duets. She has recorded songs with a legendary roster of A-list artists during her decorated career, having teamed up with such acts as Judy Garland, Neil Diamond, Barry Gibb, Kris Kristofferson, Donna Summer, Bryan Adams and Celine Dion, among others. Hereâ€™s a look at the track listing for â€œThe Secret Of Life: Partners, Volume Twoâ€:","Drew Weisholtz, TODAY","April 30, 2025, 6:18 PM GMT+2 / Updated May 1, 2025, 3:55 AM GMT+2 / Source: TODAY"
King Charles opens up about cancer diagnosis and treatment,"The British monarch, who was diagnosed with cancer in February 2024, has kept the details of his disease private.",N/A,https://www.nbcnews.com/world/united-kingdom/king-charles-opens-cancer-diagnosis-treatment-rcna203812,"LONDON â€” King Charles III opened up Wednesday about the lessons he has learned from his cancer diagnosis and treatment, an experience that he said ""brings into sharp focus the very best of humanity."" Speaking at a Buckingham Palace celebration of community-based initiatives raising cancer awareness and supporting those living with the disease, Charles said that ""each diagnosis, each new case, will be a daunting and at times frightening experience for those individuals and their loved ones."" ""It has certainly given me an even deeper appreciation of the extraordinary work undertaken by the remarkable organizations and individuals gathered here this evening, many of whom I have known, visited and supported over the years,"" he said. ""And it has reinforced what I have long observed during these visits â€” that the darkest moments of illness can be illuminated by the greatest compassion."" Charles thanked the health care professionals providing cancer treatment, saying that ""they have my whole familyâ€™s deepest admiration and gratitude"" and that their care ""represents the very best our country can offer."" ""What strikes us repeatedly is the profound impact of human connection â€” whether in the careful explanation from a specialist nurse, the hand held by a hospice volunteer or the shared experience in a support group,"" he said. ""These moments of kinship create what I might call a 'community of care,' one that sustains patients through the most difficult of times."" Charles was diagnosed with cancer in February 2024. He has kept much of his dealings with the disease, including what type of cancer he has or the stage of the disease, private. Most recently, he was hospitalized last month because of side effects from his treatment, according to Buckingham Palace. Charles was diagnosed last year just weeks before news that Princess Kate, 43, was undergoing ""preventative chemotherapy,"" piling on to shock waves about the British monarchy around the world. About 20 million cancer cases were newly diagnosed, and 9.7 million people died from the disease worldwide in 2022, according to the most recent global statistics from the American Cancer Society. Charles concluded the speech and left listeners with a quotation from Dame Deborah James, a British journalist, podcaster and educator who died of bowel cancer in 2022 and whose parents were at the event. ""'Find a life worth enjoying, take risks, love deeply, have no regrets, and always, always have rebellious hope,'"" he said. David Hodari reported from London and Matt Lavietes from New York. David Hodari is a London-based editor. Matt Lavietes is a reporter for NBC News.",Matt Lavietes,"April 30, 2025, 7:44 PM GMT+2 / Updated April 30, 2025, 7:56 PM GMT+2"
Robert De Niro's daughter Airyn comes out as transgender,"The 29-year-old spoke to Them, an LGBTQ magazine, about starting hormone therapy and finally embracing her femininity.",N/A,https://www.nbcnews.com/nbc-out/out-news/robert-de-niro-daughter-airyn-transgender-rcna203775,"Airyn De Niro, daughter of Oscar-winning actor Robert De Niro, opened up about starting hormone therapy and coming out as transgender in an interview published Tuesday. De Niro, 29, spoke to Them, an LGBTQ magazine owned by CondÃ© Nast, about feeling she was out of place. De Niro, whose mother is Toukie Smith, described herself as a ""late bloomer"" who failed to fit in with societal standards growing up. ""I was always told I was too much of something or not enough of something growing up: Too big, not skinny enough,"" she told the magazine. ""Not Black enough, not white enough. Too feminine, not masculine enough. It was never just, â€˜Youâ€™re just right, just the way you are.â€™â€ She credited the stories of openly transgender women â€” including Laverne Cox and queer activist Marsha P. Johnson â€” with inspiring her to embrace her femininity last year. ""Trans women being honest and open, especially [in] public spaces like social media and getting to see them in their success ... Iâ€™m like, you know what? Maybe itâ€™s not too late for me,â€ she said. She added that as she has embraced her gender identity, she has also been influenced by Black women and has been able to embrace her Black ancestry. One of the first outward expressions of her gender identity, she said, was deciding to get dreadlocks after she saw Halle Bailey in the 2023 live-action film ""The Little Mermaid."" Despite being the child of two actors, De Niro credited her parents for doing their best to shield her from the public eye throughout her childhood. Her father was also insistent that she forge her own career path, she said. She expressed her gratitude for that upbringing while also saying she wants to be public now to give others someone to aspire to. And in a time when civil rights for transgender people are being targeted, she said she is studying to be a mental health counselor to aid the community. ""People of color and queer people definitely need more mental health advocacy and support,"" she said. ""So Iâ€™m hoping Iâ€™m able to do that."" Doha Madani is a senior breaking news reporter for NBC News. Pronouns: she/her.",Doha Madani,"April 30, 2025, 7:20 PM GMT+2 / Updated April 30, 2025, 7:21 PM GMT+2"
Christie Brinkley recalls Billy Joelâ€™s 7-word response to her writing a memoir,The model and author of â€œUptown Girlâ€ opens up about her marriage to the iconic musician.,N/A,https://www.nbcnews.com/pop-culture/pop-culture-news/christie-brinkley-memoir-billy-joel-marriage-rcna203780,"Christie Brinkley, one of the most recognizable faces in modeling, offers a revealing glimpse into the challenges of being one of the worldâ€™s original supermodels in her new memoir, â€œUptown Girl.â€ Gracing the cover of more than 500 magazines and appearing in memorable movies like the 1983 hit film, â€œNational Lampoonâ€™s Vacation,â€ Brinkleyâ€™s career spans five decades, and she delves into much of it in her new book. â€œI just want to tell some stories,â€ Brinkley tells TODAY.com in a sit-down interview. â€œI hope itâ€™ll be a nice diversion in a world that can use a good book every now and then, take you away on a little adventure.â€ From being discovered at a payphone in Paris to being kicked out of Frank Sinatraâ€™s hotel room, â€œUptown Girlâ€ offers insight behind Brinkleyâ€™s upbringing in Southern California and her ascent to the top of the modeling world. The book also explores her four marriages (and divorces), including 11 years she spent with Billy Joel. Itâ€™s the music legend who penned â€œUptown Girl,â€ the song that inspired the memoirâ€™s title, which has become Brinkleyâ€™s enduring nickname â€” in spite of the fact that, according to the supermodel, it wasnâ€™t initially written for her. Brinkley writes in her memoir that it started out as a song for a â€œmystery girlâ€ Joel had been having phone conversations with, but when his relationship with Brinkley began, he finished it in her honor. Their relationship was then immortalized in the hit songâ€™s iconic music video, in which Brinkley appears in. In â€œUptown Girl,â€ Brinkley, 71, opens up about her various heartbreaks, difficult early childhood with an abusive father and the helicopter accident that almost claimed her life in 1994. However, the model says that opening up about her marriage to Joel was the most difficult part of penning the memoir. â€œThe hardest thing to include was criticism of Billy, because I do care about my friendship with him,â€ she says of the chapters that reveal Joelâ€™s heavy drinking and suggested affairs, which has been making headlines since her book came out. â€œIn the book, I feel like I balanced, very much, about how happy we were and how joy-filled our days were,â€ she says of their marriage. â€œIt was literally dancing in the kitchen as we cooked, singing together, and making each other laugh. It was a beautiful, wonderful relationship.â€ According to the memoir, that relationship became strained, in part, after Joel sued Frank Weber, his former manager, for having allegedly siphoned off his profits. It was a betrayal that Brinkley writes left Joel â€œwithdrawn and stressedâ€ as singer-songwriter felt immense pressure to recoup his financial loss. â€œHe was going through extraordinary circumstances in his life, things most people wouldnâ€™t ever have to deal with,â€ she describes. Despite the vulnerable nature of the admissions, Brinkley says they were important to include in the memoir. â€œI did have to go there because that was the reality.â€ Brinkley tells TODAY.com that Joel had given his blessing to talk candidly about the ups and downs of their longtime relationship. â€œHe said, â€˜Just say what you need to say,â€™â€ Brinkley recalls. â€œAnd I think thatâ€™s part of his healing, so I applaud him for all of that. It takes a lot of courage.â€ The new memoir reveals some darker times in their relationship, including instances of Brinkley waking up in the middle of the night to discover Joel was missing, then him returning home in the wee hours of the morning after being out drinking all night. She also writes about the growing distance in their marriage that ultimately left her feeling â€œlonely, despite the fact that he was right there.â€ It was a loneliness so pervasive that Brinkley was thinking about Joel as she boarded a helicopter in Colorado, shortly after their separation in 1994, and wondered if the crooner would be worried about her embarking on a trip to go heli-skiing. â€œFor a moment I thought about my husband, Billy, whom Iâ€™d split with again, and hoping this trip to Telluride would wake him up to the reality that he might actually lose me,â€ she writes. What she didnâ€™t know was that shortly after, the helicopter would crash into the San Juan mountains, leaving Brinkley and several companions temporarily stranded until they were rescued. Though Joel ultimately flew to her side and jetted her back to Long Island aboard a private plane, her dream of their reunion was dashed when she overheard him on the phone saying to an unknown caller, â€˜No, donâ€™t worry. Iâ€™m not going back to her. I just need to see her through this.â€™â€ The revelation brought home the fact that their marriage was over. Two weeks later, they announced their divorce and as she penned in her memoir, â€œthe dream broke apart like debris.â€ Despite their divorce, Brinkley tells TODAY.com that they still remain friends. â€œHeâ€™s a very loyal guy. Heâ€™s loyal to his friends, heâ€™s generous. He just had a lot of stresses on him at the point when we were together and it just kind of came crashing down on us.â€ Outside of her marriage, the helicopter crash changed her life in other ways. â€œI went through a phase of post-traumatic stress disorder,â€ she says of the accident that left her clinging to the side of a mountain amid a pile of helicopter wreckage. â€œOne of the hallmarks is bad decision-making. And I made quite a few, which I lay out in the book and that chapter was hard to write just because I didnâ€™t want to think about any of (the helicopter crash). I didnâ€™t want to go back to that place. At the time when it happened, I actually thought it was so awful, I wanted to purge it from my body and from my memory banks.â€ While sheâ€™s endured her fair share of trauma, Brinkley remains the eternal optimist, both in love and life. â€œI was raised in a very positive household, so I was raised to be grateful and counting my blessings and to know the good things that I have, no matter what,â€ she says. Among those blessings are Brinkleyâ€™s three children: Alexa Ray Joel, 39, her daughter with Joel, as well as her son, Jack Brinkley-Cook, 29, and other daughter, Sailor Brinkley-Cook, 26, both of whom she shares with her ex-husband Peter Cook. While appearing on the April 28 episode of ""TODAY,"" Brinkley shared that out of her three children, her oldest daughter is the one whoâ€™s read most of her memoir and that she loves it. â€œShe was kind of blown away by it,â€ said Brinkley. As for the other two, the model joked that her younger children â€œskimmed throughâ€ it and said, â€œWe know her!â€ but otherwise, â€œI donâ€™t think they understand the reason to read it.â€ Though Brinkley has released two other books, including a 1983 fitness book and â€œTimeless Beauty,â€ a wellness guide published in 2015, â€œUptown Girlâ€ is her first memoir, and she wants readers to take something positive away from her experiences. â€œI just really hope people understand that the book is much more than rehashing divorces,â€ she explains, referring to her other marriages to Jean-Francois Allaux, Richard Taubman and Cook, all of which ended in divorce. â€œThis is not a revenge novel. Itâ€™s filled with joy and when there are bad moments, itâ€™s sort of how to keep going and not let them pull you down,â€ she says. â€œAnd how to stay positive and maybe learn something from it or let it propel you into someplace that you didnâ€™t dare go before.â€","Sarah Lemire, TODAY","April 30, 2025, 6:19 PM GMT+2 / Source: TODAY"
"Katy Perry says online critics are trying to make her a 'human piÃ±ata' following tour, space flight","â€œPlease know I am ok,â€ the singer told her fans.",N/A,https://www.nbcnews.com/pop-culture/pop-culture-news/katy-perry-responds-online-critics-space-flight-rcna203779,"Katy Perry wrote a long response to a fan-made ad congratulating her for finishing the first week of her â€œLifetimesâ€ tour, amid backlash about the tour and her recent trip to space. Perry responded to a video of the ad posted to a fan account on Instagram, writing in a comment that she is able to remain true to herself, â€œheart open and honest,â€ because of the bond she has with her fans. â€œPlease know I am ok, I have done a lot work around knowing who I am, what is real and what is important to me,â€ she said. â€œMy therapist said something years ago that has been a game changer, â€˜No one can make you believe something about yourself that you donâ€™t already believe about yourself,â€™ and if I ever do have any feelings about it then itâ€™s an opportunity to investigate the feeling underneath it. â€œWhen the â€˜onlineâ€™ world tries to make me a human PiÃ±ata, I take it with grace and send them love, cause I know so many people are hurting in so many ways and the internet is very much so a dumping ground for unhinged and unhealed,â€ she continued. Perry said that what is real to her is seeing her fans in the crowd every night, â€œsinging in unison, reading your notes, feeling your warmth.â€ â€œI find people to lock eyes and sing with and I know we are healing each other in a small way when I get to do that,â€ she said, adding an infinity emoji. â€œIâ€™m not perfect, and I actually have omitted that word from my vocabulary, Iâ€™m on a human journey playing the game of life with an audience of many and sometimes I fall butâ€¦ I get back up and go on and continue to play the game and somehow through my battered and bruised adventure I keep looking to the light and in that light a new level UNLOCKS,â€ she added. Perryâ€™s comment came after her â€œLifetimesâ€ tour began on April 23 in Mexico City. The singer has since faced criticism for the showâ€™s choreography and stage design from social media users online. Earlier this month, Perry was also part of the all-female flight crew that took a roughly 10-minute trip to space aboard a Blue Origin spacecraft. The flight quickly garnered controversy, as everyday people, fast-food companies and celebrities, like Olivia Munn and Emily Ratajkowski, questioned the sustainability of a trip to space. â€œWhatâ€™s the point?â€ Munn said while co-hosting TODAY With Jenna & Friends on April 3. â€œIs it historic that you guys are going on a ride? I think itâ€™s a bit gluttonous. ... Space exploration was to further our knowledge and to help mankind. What are they going to do up there that has made it better for us down here?â€ Perry did not directly respond to the criticism of the flight, but several of her fellow crew members like Lauren Sanchez, Gayle King and Aisha Bowe did during a press conference on April 14. â€œIâ€™m not going to let you steal our joy, but most people are really excited and cheering us on and realize what this mission means to young women, young girls and boys, too,â€ King said. â€œI feel anybody thatâ€™s criticizing doesnâ€™t really understand what is happening here,â€ she added, later in the press conference. â€œIâ€™ve heard it, weâ€™ve all heard it and we were even all talking about that, and I hope that they will do a deep dive into what this represents.â€ Sanchez, the fiancÃ©e of Blue Origin and Amazon founder Jeff Bezos, also shared her perspective. â€œI get really fired up a little bit on this,â€ Sanchez said. â€œI would love to have them come to Blue Origin and see the thousands of employees that donâ€™t just work here but they put their heart and soul into this vehicle. ... They love their work and they love the mission and itâ€™s a big deal for them.â€ â€œSo when we hear comments like that, I just say, â€˜Trust me. Come with me. Iâ€™ll show you what this is about, and itâ€™s really eye-opening,â€™â€ she continued.","Anna Kaplan, TODAY","April 30, 2025, 6:06 PM GMT+2 / Source: TODAY"
Michael Bolton reveals glioblastoma diagnosis: â€˜You find out what youâ€™re made ofâ€™,The singer learned he had the incurable brain cancer in 2023.,N/A,https://www.nbcnews.com/pop-culture/pop-culture-news/michael-bolton-reveals-glioblastoma-diagnosis-find-re-made-rcna203765,"Michael Bolton is sharing new details about a somber health diagnosis heâ€™s been navigating over the last year and a half. In a new interview with People, the singer revealed that he has glioblastoma, a form of brain cancer that the Cleveland Clinic defines as the â€œmost common type of malignant (cancerous) brain tumor in adults.â€ Bolton, 72, said he initially learned that he had glioblastoma in December 2023. The diagnosis came after the singer underwent emergency surgery where doctors removed a brain tumor. One month later, Bolton underwent a second brain surgery in January 2024 following an infection. At the time, he took to Facebook to tell his fans he was taking a break from touring while he recovered from the surgery. Per the Mayo Clinic, there is no cure for glioblastoma but treatments can â€œslow cancer growth and reduce symptoms.â€ The disease can occur at any age, but often manifests in older adults. The Cleveland Clinic notes that glioblastoma â€œcan result in death in fewer than six months without treatment.â€ In October 2024, Bolton wrapped up radiation and chemotherapy. As part of his treatment plan, he now gets an MRI every two months to make sure his tumor hasnâ€™t returned. While reflecting on his cancer journey thus far, Bolton said it has taken a toll both emotionally and physically. For instance, treatment has affected his short-term memory, mobility and speech. â€œYouâ€™re reaching into your resources and your resolve in a way that you never would have thought,â€ Bolton said. â€œSuccumbing to the challenge is not an option. Youâ€™re really quickly drawn into a duel. I guess thatâ€™s the way you find out what youâ€™re made of.â€ The singer said his family has provided plenty of support while he navigates his diagnosis. He also keeps busy working with a personal trainer and voice therapist. â€œWhenever you find yourself in any kind of challenging position, just to know that youâ€™re not alone going through it is a big deal,â€ he said. â€œIt actually helps people to know. It reminds them that theyâ€™re not alone.â€ Bolton said he intentionally has avoided asking for a prognosis and prefers to stay positive. â€œI find comfort in general more easily. (The whole experience) gives me a heightened sense of appreciation. Itâ€™s unthinkable for it to be okay not to make the most of your life,â€ he said. â€œI think we develop capabilities and problem management, and we learn how to make the best out of a bad situation. You have to be a cheerleader for yourself.â€ Above all, Bolton is focused on his family and wants to ensure he takes the time to enrich his relationships with his children while heâ€™s able to. â€œHow do I give things that they can take forward? Life lessons, love, any kind of validation that I can give (them) â€” I want to be on the right side of that so they feel great about who they are,â€ he said. â€œItâ€™s a reality of mortality. Suddenly a new light has gone on that raises questions, including â€˜Am I doing the best that I can do with my time?â€™â€","Chrissy Callahan, TODAY","April 30, 2025, 5:36 PM GMT+2 / Source: TODAY"
"Terrence Howard refused Marvin Gaye role over prospect of kissing a man, says 'I would cut my lips off'",The former â€œEmpireâ€ star made the confession during a nearly two-hour appearance on Bill Maherâ€™s â€œClub Randomâ€ podcast.,N/A,https://www.nbcnews.com/nbc-out/out-news/terrence-howard-marvin-gaye-biopic-rumored-gay-rcna203519,"Actor Terrence Howard revealed that he refused to portray Marvin Gaye in a potential film because of the Motown singer's rumored homosexuality, saying he'd cut his lips off if he ever kissed a man. The former ""Empire"" star made the comment during a nearly two-hour appearance on Bill Maher's ""Club Random"" podcast. Howard told Maher he turned town a chance to play Smokey Robinson because he was in talks with director Lee Daniels for a possible biopic of Gaye. ""You know what happened with that? I was over at Quincy Jones' house ... I'm asking Quincy, 'I'm hearing rumors that Marvin was gay,'"" Howard said. ""And I'm like, 'Was he gay?' And Quincy is like, 'Yes.'"" Daniels, who was an executive producer on ""Empire,"" has not made a film or television series about Gaye's life and it's unclear when Howard had these conversations. Jones, a celebrated music producer, died in November last year. Gaye was married to two women during his life and was not openly queer. Howard went on to say that the filmmakers would have wanted to explore Gaye's rumored homosexuality and that he could not kiss a man. ""I would cut my lips off,"" Howard said. ""If I kissed a man, I would cut my lips off."" Howard attributed it to him not being able to ""fake it"" and he could not act a role he did not understand. Maher told Howard he would not want to a kiss a man either, but ""I would not do that"" in reference to Howard's self-mutilation comment. ""It does not make me homophobic to not want to kiss a man,"" Maher said, comparing it to gay men who would not be interested in women sexually. The comment received some backlash online, with some calling Howard ""deeply problematic"" and others urging people to stop interviewing Howard. One X user questioned how many times Howard was going to tell the world ""he is uncomfortable with his masculinity."" ""He performs masculinity for the approval and acceptance of cishet men and despises gay men,"" the user wrote. ""We know already."" Another brought up Howard's history with domestic abuse following allegations made by two of his former wives. The user wrote, given the allegations, ""I'm having a hard time believing he likes women."" The actor admitted in a 2015 Rolling Stone interview that he hit his ex-wife Lori McCommas in 2001. Michelle Ghent, Howard's second wife, accused him of assaulting her in a lawsuit that she later dropped. Howard told Rolling Stone that Ghent was attempting to pepper-spray him and he was trying to bat her away. Doha Madani is a senior breaking news reporter for NBC News. Pronouns: she/her.",Doha Madani,"April 29, 2025, 6:29 PM GMT+2 / Updated April 29, 2025, 7:09 PM GMT+2"
"In retrial openings, prosecutors paint Harvey Weinstein as powerful mogul who 'preyed' on women","Weinsteinâ€™s lead attorney forcefully pushed back against the prosecutionâ€™s narrative, insisting his clientâ€™s sexual encounters were consensual and â€œmutually beneficial.â€",N/A,https://www.nbcnews.com/news/us-news/retrial-openings-prosecutors-portray-harvey-weinstein-powerful-mogul-p-rcna202561,"Manhattan prosecutors painted a scathing portrait of Harvey Weinstein at the beginning of his sexual abuse retrial Wednesday, presenting the former Hollywood mogul as a serial predator who wielded his power like a weapon against women. Assistant District Attorney Shannon Lucey described Weinstein as an entertainment industry kingmaker who â€œheld unfettered power for over 30 yearsâ€ and â€œpreyedâ€ on women â€” including the three accusers whose allegations led to the criminal charges at the center of the trial. He â€œwanted their bodies,â€ Lucey said, referring to the alleged victims Mimi Haley, Kaja Sokola and Jessica Mann. Weinstein has pleaded not guilty to two counts of criminal sexual act in the first degree and one count of rape in the third degree. He has vehemently denied all allegations of sexual misconduct dating back decades. Lucey, in her opening statement, described Weinsteinâ€™s alleged sexual abuse of the three accusers in stark and oftentimes graphic terms. She recounted allegations that Weinstein violently forced himself on them and ignored their pleas to stop. Lucey said Weinstein, â€œa titan in the industry,â€ drew in the women by offering to discuss their careers. But the accusers found that he was after something else entirely. â€œHe knew how addictive Hollywood dreams were,â€ Lucey said. â€œHe knew how the promises of success worked. He strung them along with promises of careers, letters to help, parts in movies ... He simply did not take no for an answer and, if he was told no, he got what he wanted by force.â€ Haley, a former â€œProject Runwayâ€ production assistant, and Sokola, a former model, allege Weinstein forcibly performed oral sex on them in separate incidents in 2006. Mann, a former aspiring actress, alleges Weinstein raped her in 2013. The accusers discovered they were â€œno match for the man who walked red carpets and rubbed elbows with the famous,â€ Lucey said. â€œThey stayed quiet for years,â€ she added, out of â€œtheir fear of what he might do to them.â€ Weinsteinâ€™s lead attorney, Arthur Aidala, forcefully pushed back against Luceyâ€™s account of events in his opening statement. â€œWhat she said to you is not evidence,â€ Aidalia told jurors at the beginning of his remarks. Aidala implored jurors not to make premature judgements about Weinsteinâ€™s character or behavior, drawing on an analogy from his clientâ€™s former profession: â€œYou donâ€™t judge a movie by the preview.â€ â€œYou need to read the whole book and watch the whole movie and put it all in context,â€ Aidala said, adding that his team believes â€œthere are reasonable doubtsâ€ in the prosecutionâ€™s case. He went on to argue that Weinsteinâ€™s sexual encounters with the accusers were â€œtransactional,â€ characterizing them as â€œfriends with benefitsâ€ arrangements that were â€œmutually beneficialâ€ and â€œconsensual.â€ In the case of the three women at the root of the charges, Aidala added, â€œthe casting couch is not a crime scene.â€ The jury of seven women and five men appeared to listen intently during opening statements. In a statement, Weinsteinâ€™s spokesman, Juda Engelmayer, said his clientâ€™s team believes â€œthe jury selected is one that can assess the facts with clarity and impartiality.â€ â€œWe are hopeful that this time, the legal process will rise above noise and narrative and allow Harvey Weinstein the fair trial heâ€™s long been denied. He deserves the chance to clear his name and preserve a legacy that has been overshadowed by deeply flawed and misleading accusations,â€ Engelmayer said. Weinsteinâ€™s retrial arrives a year after New Yorkâ€™s highest court overturned the Oscar-winning producerâ€™s conviction on third-degree rape in a 2020 case. The court found the trial judge had improperly allowed testimony based on allegations that were not part of the case. Haley's and Mannâ€™s allegations were part of the first New York trial. Sokolaâ€™s allegations are a new element. Weinstein was indicted in September on charges related to her claims. Weinstein has remained in prison because he was convicted in 2022 of another rape in Los Angeles and sentenced to 16 years. The former producerâ€™s lawyers are appealing that conviction. In recent years, Weinstein has faced various health issues, including a diagnosis of bone marrow cancer. He arrives at court in a wheelchair. Weinstein and his brother, Bob Weinstein, once lorded over Hollywood. Miramax, their first distribution label, released seminal films such as â€œThe Crying Gameâ€ and â€œPulp Fiction.â€ Harvey Weinstein won an Oscar as a producer of â€œShakespeare in Love.â€ In the early 2010s, the brothersâ€™ second distribution firm scored best picture wins for â€œThe Kingâ€™s Speechâ€ and â€œThe Artist.â€ Weinsteinâ€™s reign came crashing down in 2017 after The New York Times and The New Yorker published exposÃ©s detailing his alleged pattern of sexual harassment and assault. The publication of those articles made Weinsteinâ€™s accusers realize they no longer needed to keep in their â€œshame and pain,â€ Lucey said, adding: â€œThey suddenly realized they were not alone, they would not be isolated or targeted but would be taken seriously."" In all, more than 80 women have accused Weinstein of misconduct. He has repeatedly denied any wrongdoing and said his sexual encounters were consensual. CORRECTION (April 29, 2025, 12:14 p.m. ET): An earlier version of this article misstated the last name of Weinsteinâ€™s attorney. He is Arthur Aidala, not Aidalia. Adam Reiss is a reporter and producer for NBC and MSNBC. Daniel Arkin is a national reporter at NBC News.",Daniel Arkin,"April 23, 2025, 8:22 PM GMT+2 / Updated April 29, 2025, 6:17 PM GMT+2"
BeyoncÃ© kicks off Cowboy Carter Tour with daughters Blue Ivy and Rumi,BeyoncÃ© has four more shows in Los Angeles before moving on to Chicago.,N/A,https://www.nbcnews.com/pop-culture/pop-culture-news/beyonce-kicks-cowboy-carter-tour-daughters-blue-ivy-rumi-rcna203506,"BeyoncÃ© brought the rodeo to Los Angeles on Monday for the opening night of her Cowboy Carter Tour, with a flying red convertible, mechanical bull riding, a prop big rig â€” and appearances by daughters Blue Ivy and Rumi Carter. Blue Ivy was back among the dance crew, hitting the stage for ""Ya Ya,"" ""Sweet Honey Buckiin'"" and other songs alongside her mom at Inglewoodâ€™s SoFi Stadium. The 13-year-old made her debut as a dancer at the Renaissance World Tour in 2023. This year, Rumi also made a guest appearance and joined BeyoncÃ© and Blue Ivy on stage for ""Protector."" Video showed the 7-year-old smiling and waving at the crowd. One fan wrote in a post on X that it was the ""best part of the show."" Los Angeles kicked off night one of BeyoncÃ©'s tour. Parkwood Entertainment, a record label and entertainment company founded by the singer, said in a post on X early Tuesday that it was a sold-out show. Hours before the show, however, tickets remained up for grabs and dipped as low as $57.50. BeyoncÃ© has four more shows in Los Angeles before moving on to Chicago. The tour wraps in July in Las Vegas. The album ""Cowboy Carter"" was released in March 2024 and features collaborations with Dolly Parton, Willie Nelson, Post Malone, Miley Cyrus, Shaboozey and others. It made history when it reached No. 1 on Top Country Albums, making the singer the first Black woman to ever lead the list, according to Billboard. At the Grammy Awards this year, she won album of the year, best country album and best country duo performance with Miley Cyrus. Minyvonne Burke is a senior breaking news reporter for NBC News.",Minyvonne Burke,"April 29, 2025, 6:13 PM GMT+2"
Kim Kardashian jewelry heist suspect says he regrets 'trauma' he caused her,"Yunice Abbas, who wrote a book confessing to the crime, was the first defendant questioned Tuesday in the trial in connection with the 2016 robbery during which the reality star was held at gunpoint.",N/A,https://www.nbcnews.com/world/europe/kim-kardashian-robbery-suspect-says-regrets-trauma-caused-rcna203440,"PARIS â€” A key defendant in the trial of a group accused of robbing Kim Kardashian at gunpoint in Paris in 2016 and stealing $9 million worth of jewelry, has said he has come to regret the trauma he caused the reality star-turned-business mogul in the years since. Yunice Abbas, perhaps the best-known defendant in the trial, said that despite a yearslong criminal history, this was the first time he had truly come to recognize the â€œtraumaâ€ he had caused his victim. â€œI regret it, not because I got caught, but because ... there was a trauma,â€ Abbas, 72, said before a jury Tuesday as proceedings against the 10 people charged in connection with the 2016 robbery resumed after launching Monday afternoon. The first of several defendants set to testify in the trial, Abbas had previously confessed to his role in the heist, detailing the robbery in his 2021 book, â€œI Kidnapped Kim Kardashian.â€ The matter of the book came up during the testimony, with Abbas saying that he was not responsible for the title and that he disputes his alleged role in the heist. He added that he was not involved in tying up Kardashian, who was staying in Paris for the city's Fashion Week, instead staying downstairs to keep watch. Abbas and nine others, dubbed the â€œgrandpa robbersâ€ in local media because of their ages â€” some of the accused are in their 70s and 80s â€” are alleged to have played a range of roles in the heist including holding Kardashian, 44, at gunpoint and being complicit in that crime. During questioning, Abbas described his criminal past â€” he has spent a total of almost 20 years in jail for various crimes â€” including the armed robbery of a bank in Belgium. He said that as a young man, he was fiercely opposed to theft but that he had turned to a life of crime because of the bad influence of friends and money difficulties, in the hope it would prove an easier path. Abbas said his family had suffered because of his crimes, adding that he had â€œnever had a role modelâ€ himself and he had done what he thought was needed to try to provide for his children. He spoke rapidly during his testimony, his arm shaking throughout, possibly because he has Parkinson's disease. At one point, the shaking was violent enough for him to hold one hand in the other. In the years since the 2016 robbery targeting Kardashian, Abbas said he now felt â€œvery uneasyâ€ with what happened that day. But, he said, â€œI canâ€™t do anything besides apologize.â€ Kardashian had been staying at a private apartment complex in the French capital when five of the accused are alleged to have gained entry into the building and robbed her at gunpoint, taking items including her engagement ring from her then-husband Ye, the rapper formerly known as Kanye West. The five other defendants are accused of related offenses, including planning and giving tipoffs on Kardashian's whereabouts. In the years since, one defendant has died, while the case of another, age 80, has been separated from that of the other defendants due to medical issues. In addition to Abbas, those standing trial will include Aomar Ait Khedache, 69, known as â€œOld Omar,â€ who is alleged to have masterminded the robbery; his son, Harminy, 37, accused of being the getaway driver; Didier â€œBlue Eyesâ€ Dubreucq, 69; and the brother of Kardashianâ€™s driver in Paris, Gary Madar, 35, who is accused of tipping the others off on Kardashian's whereabouts. Christiane Glotin, 78, is also among the accused, with authorities alleging she was an accomplice in the heist. At least four defendants were expected to be questioned in court Tuesday. Kardashian herself is expected to appear in court May 13. The reality star and businesswoman has previously detailed her experience during the robbery, at one point tearing up in an interview with David Letterman as she described how she feared she would be sexually assaulted and possibly killed during the attack. â€œI was like, â€˜OK, this is the time Iâ€™m going to get raped ... just prepare yourself,â€ she said in the interview, wiping away tears, later describing how she feared her sister, Kourtney Kardashian, would find her dead. â€œI just kept on thinking about Kourtney,â€ she said. â€œSheâ€™s going to be traumatized for the rest of her life if she sees me.â€ Gabrielle Nolin reported from Paris and Chantal Da Silva from London. Chantal Da Silva reports on world news for NBC News Digital and is based in London.",Chantal Da Silva,"April 29, 2025, 2:06 PM GMT+2"
'The Last of Us' Star Gabriel Luna unpacks Joel's death and what's next for Tommy,"Warning: This post contains spoilers for Season 2, Episode 3 of â€œThe Last of Us,â€ which aired April 27.",N/A,https://www.nbcnews.com/pop-culture/pop-culture-news/the-last-us-star-gabriel-luna-whats-next-for-tommy-rcna203382,"Warning: This post contains spoilers for Season 2, Episode 3 of â€œThe Last of Us,â€ which aired April 27. The lives of the â€œThe Last of Usâ€ characters will never be the same following Joelâ€™s death. Pedro Pascalâ€™s character took his last breath in the second episode, the people of Jackson, including Tommy (Gabriel Luna) and Ellie (Bella Ramsey), are still reeling from his loss (not to mention the showâ€™s bereft fans). â€œWhenever you have that type of abrupt shift in your family dynamic, it changes your life,â€ Gabriel Luna told TODAY.com at a special screening of the showâ€™s third episode hosted by Max and Complex. Luna said that from now on, there is â€œan absolute, seismic shift in the way the rest of the family interacts with each other.â€ While Ellie is set on a path of revenge, Tommy, Joelâ€™s brother, is figuring out his next steps, including caring for Ellie. The third episode begins with Tommy looking at Joelâ€™s bloody body, before he starts to wipe his arm clean with a rag. â€œGive Sarah my love,â€ Tommy tells his dead brother, referencing Joelâ€™s late daughter, who dies in the showâ€™s premiere. Three months go by and Ellie is adamant about finding Abby (Kaitlyn Dever), who killed Joel. She hopes to gather the townâ€™s support. However, Tommy tells Ellie that if they are going to assemble a group to help her in her quest, they have to assemble a council meeting and vote on it. Unfortunately for her, Ellieâ€™s request is voted down. Undeterred, she and Dina (Isabel Merced) forge forward with her plan to go to find Abby in Seattle. Luna shared in a post-screening Q&A that Tommy â€œabsolutelyâ€ voted yes to assemble a group to go to Seattle, adding, â€œI already told her I got her back.â€ So where does Tommy go from here? Luna said his character feels an even bigger sense of responsibility to protect Ellie. â€œSheâ€™s mine now. Sheâ€™s my responsibility The weight of of all that, the weight of the burden that sheâ€™s taken on, her pursuit of â€˜justiceâ€™ and revenge is one that she doesnâ€™t go on alone,â€ Luna said. â€œI canâ€™t let her.â€ Luna believes that the question, â€œWho is the villain?â€ in the show is one that may be left unanswered so that the audience can address it for themselves. â€œItâ€™s always a matter of perspective. At some point, Iâ€™m the villain in the eyes of whoever may encounter me at any given point,â€ he said. However, in Tommyâ€™s eyes, he said, â€œItâ€™s hard to say, because I never met those who brought my brotherâ€™s demise upon us.â€ Luna believes that Tommy doesnâ€™t know Joel killed the Fireflies in an attempt to save Ellieâ€™s life. â€œAnd thatâ€™s whatâ€™s tragic about it, because the fact that Joel kept that with him â€˜til his death, and that Ellie is the only one on Earth to live with that is probably why most of these decisions end up being made,â€ he said. â€œWe make choices and we pay the price. Thatâ€™s just it. Thatâ€™s just the whole nature of the whole story,â€ he said. When it comes down to Joelâ€™s ultimate death, Luna said â€œto take your main character and end that part of the storyâ€ is a â€œpowerfulâ€ decision to make. Itâ€™s also one that will propel the narrative forward. â€œThatâ€™s life. People die. Thatâ€™s the truth,â€ he said. â€œI love how unyielding our show is about that, and how brutally honest our show is about the way life unfolds for us sometimes, and how abrupt it can be, the shifts, the changes.â€","Liz Calvario, TODAY","April 28, 2025, 10:48 PM GMT+2 / Updated April 29, 2025, 1:24 AM GMT+2 / Source: TODAY"
Rock & Roll Hall of Fame unveils 2025 inductees. See who made the list.,"Cyndi Lauper, Outkast, Soundgarden and Chubby Checker are among the seven acts who will be enshrined in the performer category.",N/A,https://www.nbcnews.com/pop-culture/pop-culture-news/rock-roll-hall-fame-2025-inductees-list-rcna203386,"The Rock & Roll Hall of Fame has announced its class of inductees for 2025. Inductees were announced during the April 27 episode of â€œAmerican Idol,â€ with Cyndi Lauper, Outkast, Soundgarden and Chubby Checker among the seven acts who will be enshrined in the performer category. Salt-N-Pepa will enter with the musical influence award, which recognized artists who have impacted culture through their music and performance style. The pair joins Outkast to make it the sixth consecutive year at least one rap act will be inducted. 2025 also marks the fourth straight year four or more women will be inducted. While the Rock & Roll Hall of Fame prepares to welcome a new class of talent, several notable nominees, which were announced in February, did not make the final list of inductees. Oasis and Mariah Carey both failed to get inducted for the second straight year. The Black Crowes, Billy Idol and Phish, which notably won the fan vote, also didnâ€™t make the cut. The inductees are determined by an international voting panel made up of more than 1,200 â€œartists, historians, and music industry professionals,â€ the Hall of Fame said in a press release announcing the 2025 nominees. â€œThe selection criteria include an artistâ€™s impact on music culture, influence on other musicians that have followed, as well as the scope and longevity of their career and body of work,â€ the release stated. But some fans on social media couldnâ€™t believe the high-profile performers did not get inducted. â€œI love you @MariahCarey and you donâ€™t need a Rock n Roll induction to validate what youâ€™ve meant to the music industry over the last 35 years and the numerous lives youâ€™ve impacted!â€ one fan wrote. â€œYou are ONE OF ONE and donâ€™t ever forget that!â€ â€œBlows my mind that Billy Idol is not on this list,â€ one person commented. â€œYouâ€™re missing the winner of the fan vote. @phish. Whatâ€™s the point of having people vote if it doesnâ€™t mean anything?â€ asked another X user. Phish came in first in the fan vote, followed by Bad Company and Billy Idol, per Variety. â€œThe top five vote-getters in the public fan poll form one ballot, which is weighted the same as the rest of the submitted ballots,â€ according to the Rock & Roll Hall of Fame. The induction ceremony will stream live Nov. 8 from the Peacock Theater in Los Angeles on Disney+ and on Hulu the next day. An induction special will also air at a later date on ABC. Hereâ€™s a look at all the inductees across the various categories:","Drew Weisholtz, TODAY","April 28, 2025, 10:21 PM GMT+2 / Source: TODAY"
Rupert Grint welcomes 'secret' baby No. 2 and reveals her bright and sunny name,"â€œA 10/10 baby (so far),â€ Grint wrote in his Ron Weasley-esque baby announcement.",N/A,https://www.nbcnews.com/pop-culture/pop-culture-news/rupert-grint-welcomes-second-baby-rcna203384,"Rupert Grint, who played the mischievous best friend in the â€œHarry Potterâ€ movies, still has a bit of that Ron Weasley charm about him. The 36-year-old actor revealed the arrival of his second baby with partner Georgia Groome in an Instagram post on April 27. Along with a sweet snap of his daughter wearing a white onesie and a teeny tiny grey cardigan, Grint wrote: â€œâ€˜Secret Child Slightly Revealedâ€™ Introducing Goldie G. Grint. â­ï¸ A 10/10 baby (so far).â€ Grint also seemed to thank their OB-GYN by writing, â€œShoutout to @alex.digesu for always delivering.â€ Grint and Groome announced the arrival of their first baby â€” also a girl â€” in May 2020. Grintâ€™s Instagram photo from November 2020 is a sweet image of him snuggling his daughter, Wednesday G. Grint. When chatting with Dylan Dreyer on TODAY in 2022, Grint admitted that he had shown his daughter (then only 2 years old) â€œa few of the â€˜Harry Potterâ€™ trailers just to see if she can kind of recognize her dad, and she can! She can.â€ The proud dad said that Wednesday even has â€œa Pez dispenser with my head on it,â€ so she was familiar with seeing him as Ron Weasley. Even back in 2018, Grint said in an interview with British newspaper The Guardian that he was hoping to eventually become a father. â€œIâ€™d like to settle down and have kids soon,â€ he said at the time. â€œIf I had a son, would I call him Ron? Itâ€™s quite a good name, but probably not. And Grintâ€™s a tough name to pair a one-syllable first name with.â€ In a 2021 interview with Glamour, Grint said that after becoming a father, â€œIâ€™ve changed as a person for sure. It kind of happened overnight, lifestyle-wise. I stopped smoking straight away.â€ And though he mentioned the sacrifices he made in his personal life as a result of â€œHarry Potterâ€ fame, he said he would still support Wednesday if she decided to pursue a film career. â€œI would want her to do what she wants, but I think Iâ€™d be a real stage mum,â€ he said at the time. Rosie Colosi is a reporter for TODAY Parents.","Rosie Colosi, TODAY","April 28, 2025, 10:16 PM GMT+2 / Source: TODAY"
How did the creature from 'The Legend of Ochi' get so cute? Director Isaiah Saxon explains,"First came Baby Yoda. Then came Baby Groot. Now, meet Baby Ochi.",N/A,https://www.nbcnews.com/pop-culture/pop-culture-news/the-legend-of-ochi-director-isaiah-saxon-inspiration-for-character-rcna203389,"The baby creature from â€œThe Legend of Ochiâ€ has captured the internetâ€™s heart â€” just as its creators intended. Director Isaiah Saxon tells TODAY.com about how his ideas came to life for the ochi, the name of the wild beasts who live in the forests surrounding a remote village on the fictional island of Carpathia, where the family-friendly movie is set. â€œThe goal with designing the ochi was to create a realistic-feeling undiscovered primate species, so that a kid watching the film could wonder, â€˜Have I just not seen the BBC nature special yet on this animal?â€™ Like, this feels like a real animal,â€ Saxon says. â€œThe Legend of Ochi,â€ out April 25, stars Helena Zengel alongside Finn Wolfhard, best known from his role as Mike Wheeler on â€œStranger Things.â€ When Zengelâ€™s character Yuri discovers a baby ochi who has been left behind, sheâ€™s determined to do whatever it takes to get the adorable creature back to its pack. The pair go on an adventure through woodlands, waters and even a grocery store, where the baby ochi quickly melts the hearts of the characters and viewers alike. Filmed in the Carpathian mountains of Romania, the film takes fantastical elements from its location â€” but the magic of the baby ochi is that it is a puppet, Wolfhard tells TODAY.com. ""I didnâ€™t see the ochi actually in action until I was on set, and the puppeteers showed me. Basically, they said, â€˜Do you want to meet him?â€™ And I just looked at the puppet, and it looked up at me and blinked and had head movements,â€ Wolfhard said. â€œIt was like a truly real creature.â€ There are complicated mechanics behind bringing the ochi to life, Wolfhard says, but it all comes together to make the ochi appear like a real-life animal. â€œThe ochi had a whole team of people, and all the puppeteers are actors because they are all trying to get a very specific performance out of the ochi,â€ Wolfhard says. â€œIt was six people piloting one creature, as opposed to just one actor, but they were such amazing performers. Thatâ€™s why I like working with practical effects â€” itâ€™s so fun because you have that human connection with it.â€ Saxon says inspiration for the gremlins came in part from his longtime obsession with Chinese golden snub-nosed monkeys. He also took elements from lemurs, tarsiers and other primates for the look of the ochi, while borrowing from birdsong and the noises dolphins make for the language the animals use in the film. â€œIt wasnâ€™t looking to movie creatures or mythical creatures. It was looking to nature,â€ he says. â€œI really wanted to pull from the wide variety of superpowers that you do find in nature, and real patterns in zoology, and put them into one fictional animal.â€ The cuteness factor for the baby ochi was important from the start, Saxon says. After drafting up several drawings of what the ochi would look like for the film, Saxon says he reached out to John Nolan Studios in London to create animatronics for the creatures. â€œThey made a prototype that was completely furless and had no facial movement, but immediately, the five puppeteers brought it to life, it was just completely convincing that this was a real being,â€ Saxon recalls. â€œIt was absolutely adorable from the break.â€ Saxon says designing the baby ochi as a puppet adds characteristics that play into how lovable the creature becomes throughout the film. â€œA lot of the little imperfections that you might see in a baby primate trying to move learn how to move their own body, those are the types of little things that come through in rod puppeteering,â€ he says. â€œSo it had that vulnerability from the beginning, from the puppetry.â€ Once the crew was on set filming in Romania, â€œthere was a tremendous amount of effort in just like, policing his cuteness,â€ Saxon says of the baby ochi. He joked about a â€œlast-minute rhinoplastyâ€ to make the babyâ€™s nose cuter after realizing it wasnâ€™t quite right, and other situations on set to ensure the creature had the look he was going for. The film, which launched in theaters in New York City and Los Angeles on April 17, is headed to theaters nationwide on April 25. But the hype for the charm of the baby ochi is only just beginning, as viewers start to react to the gremlin on social media. â€œI just watched THE LEGEND OF OCHI and I want everyone to know that I would die for this little guy,â€ one user posted on X. â€œI completely adored THE LEGEND OF OCHI. It pulls inspiration from Amblin movies like E.T., Jim Hensonâ€™s classics, and even Ghibli, but still takes tons of *weird* swings that create its own identity full of wonder,â€ another X user wrote. â€œThey literally donâ€™t make family adventures like this anymore.â€ â€œJust like â€˜E.T.â€™ was for so many of my generation I hope thereâ€™s a kid out there whose new favorite movie is THE LEGEND OF OCHI and it inspires them to become a filmmaker,â€ another X user posted. â€œLovely movie.â€ Another X user said: â€œThe Legend of Ochi is a wholesome fantasy adventure. It has really beautiful puppetry and practical effects that really make the Ochi come to life. You love every second baby Ochi is on screen. The world feels very beautiful and unique.â€ Others, understandably, were just reacting to finding out how adorable the baby ochi is. â€œHow have I not heard about this darling baby Ochi until today?â€ a user wrote on X, adding a teary-eyed emoji and two heart-eye emoji. â€œIn love with this little guy,â€ another X user said with a heart-eyed emoji. â€œcanâ€™t wait to see the movie!â€ â€œOmg heâ€™s perfect,â€ another replied on X to a photo of the baby ochi puppet wearing a baseball cap. A24, the filmâ€™s distributor, also joined in on the fun, posting a photo of the baby ochi with its arms raised with the caption, â€œWhen you find out The Legend of Ochi isnâ€™t nationwide until next Friday but you need that little guy right now.â€ â€œThe Legend of Ochiâ€ debuted in theatres on April 25.","Anna Kaplan, TODAY","April 28, 2025, 10:11 PM GMT+2 / Source: TODAY"
